Date,dwpf
2015-01-01,14.0
2015-01-02,23.0
2015-01-03,26.96
2015-01-04,38.480000000000004
2015-01-05,35.06
2015-01-06,10.489999999999998
2015-01-07,9.995000000000001
2015-01-08,1.04
2015-01-09,17.06
2015-01-10,5.0
2015-01-11,19.94
2015-01-12,32.0
2015-01-13,26.509999999999998
2015-01-14,12.02
2015-01-15,15.08
2015-01-16,21.02
2015-01-17,8.96
2015-01-18,37.63999999999999
2015-01-19,33.98
2015-01-20,19.04
2015-01-21,10.04
2015-01-22,23.0
2015-01-23,23.0
2015-01-24,30.320000000000004
2015-01-25,26.06
2015-01-26,17.06
2015-01-27,15.08
2015-01-28,8.96
2015-01-29,23.0
2015-01-30,28.04
2015-01-31,1.94
2015-02-01,14.0
2015-02-02,17.509999999999998
2015-02-03,5.0
2015-02-04,30.92
2015-02-05,31.46
2015-02-06,5.0
2015-02-07,23.0
2015-02-08,24.98
2015-02-09,15.62
2015-02-10,21.02
2015-02-11,12.92
2015-02-12,23.72
2015-02-13,-2.02
2015-02-14,15.08
2015-02-15,14.99
2015-02-16,-5.08
2015-02-17,6.98
2015-02-18,17.96
2015-02-19,15.98
2015-02-20,-2.92
2015-02-21,28.04
2015-02-22,28.159999999999997
2015-02-23,15.98
2015-02-24,10.04
2015-02-25,10.94
2015-02-26,11.48
2015-02-27,3.02
2015-02-28,5.0
2015-03-01,23.54
2015-03-02,23.0
2015-03-03,29.93
2015-03-04,33.98
2015-03-05,30.02
2015-03-06,6.98
2015-03-07,21.02
2015-03-08,26.96
2015-03-09,23.0
2015-03-10,39.02
2015-03-11,39.92
2015-03-12,24.98
2015-03-13,21.92
2015-03-14,35.195
2015-03-15,33.98
2015-03-16,24.08
2015-03-17,39.02
2015-03-18,8.96
2015-03-19,5.0
2015-03-20,24.08
2015-03-21,32.0
2015-03-22,17.06
2015-03-23,3.92
2015-03-24,15.98
2015-03-25,34.519999999999996
2015-03-26,44.96
2015-03-27,39.92
2015-03-28,30.92
2015-03-29,12.92
2015-03-30,30.11
2015-03-31,30.92
2015-04-01,24.98
2015-04-02,30.92
2015-04-03,51.98
2015-04-04,51.080000000000005
2015-04-05,33.08
2015-04-06,37.04
2015-04-07,37.94
2015-04-08,37.04
2015-04-09,35.195
2015-04-10,48.92
2015-04-11,46.94
2015-04-12,30.92
2015-04-13,41.0
2015-04-14,48.92
2015-04-15,24.98
2015-04-16,26.06
2015-04-17,53.06
2015-04-18,46.94
2015-04-19,33.08
2015-04-20,48.92
2015-04-21,49.28
2015-04-22,46.94
2015-04-23,33.98
2015-04-24,24.98
2015-04-25,28.04
2015-04-26,30.92
2015-04-27,37.94
2015-04-28,37.94
2015-04-29,39.92
2015-04-30,41.0
2015-05-01,39.02
2015-05-02,42.08
2015-05-03,44.06
2015-05-04,46.94
2015-05-05,53.06
2015-05-06,42.08
2015-05-07,44.06
2015-05-08,55.04
2015-05-09,62.06
2015-05-10,64.04
2015-05-11,64.94
2015-05-12,66.02
2015-05-13,42.08
2015-05-14,37.04
2015-05-15,39.92
2015-05-16,60.08
2015-05-17,60.98
2015-05-18,57.92
2015-05-19,64.04
2015-05-20,46.04
2015-05-21,42.98
2015-05-22,44.96
2015-05-23,35.06
2015-05-24,50.0
2015-05-25,57.92
2015-05-26,62.96
2015-05-27,66.92
2015-05-28,69.08
2015-05-29,59.0
2015-05-30,64.94
2015-05-31,66.56
2015-06-01,48.92
2015-06-02,48.02
2015-06-03,50.0
2015-06-04,51.98
2015-06-05,57.92
2015-06-06,57.92
2015-06-07,46.94
2015-06-08,60.08
2015-06-09,66.67999999999999
2015-06-10,57.92
2015-06-11,66.92
2015-06-12,68.0
2015-06-13,68.0
2015-06-14,60.08
2015-06-15,62.510000000000005
2015-06-16,70.52000000000001
2015-06-17,60.08
2015-06-18,59.0
2015-06-19,66.02
2015-06-20,60.8
2015-06-21,71.06
2015-06-22,66.02
2015-06-23,71.96
2015-06-24,59.0
2015-06-25,62.96
2015-06-26,62.96
2015-06-27,57.92
2015-06-28,57.92
2015-06-29,60.98
2015-06-30,62.06
2015-07-01,67.46000000000001
2015-07-02,60.98
2015-07-03,55.04
2015-07-04,60.98
2015-07-05,62.96
2015-07-06,66.02
2015-07-07,73.94
2015-07-08,71.06
2015-07-09,66.02
2015-07-10,64.94
2015-07-11,60.98
2015-07-12,66.02
2015-07-13,68.0
2015-07-14,71.06
2015-07-15,71.06
2015-07-16,57.02
2015-07-17,60.98
2015-07-18,71.06
2015-07-19,73.94
2015-07-20,73.04
2015-07-21,68.0
2015-07-22,59.0
2015-07-23,57.02
2015-07-24,60.98
2015-07-25,62.06
2015-07-26,68.0
2015-07-27,66.92
2015-07-28,68.0
2015-07-29,68.0
2015-07-30,73.445
2015-07-31,69.98
2015-08-01,64.04
2015-08-02,60.98
2015-08-03,69.08
2015-08-04,69.98
2015-08-05,60.98
2015-08-06,57.92
2015-08-07,59.0
2015-08-08,60.98
2015-08-09,59.0
2015-08-10,62.06
2015-08-11,69.98
2015-08-12,66.02
2015-08-13,57.92
2015-08-14,60.98
2015-08-15,66.02
2015-08-16,69.08
2015-08-17,69.98
2015-08-18,70.52
2015-08-19,70.34
2015-08-20,71.06
2015-08-21,71.33
2015-08-22,64.04
2015-08-23,66.92
2015-08-24,69.08
2015-08-25,71.06
2015-08-26,64.94
2015-08-27,55.94
2015-08-28,57.92
2015-08-29,62.06
2015-08-30,68.0
2015-08-31,69.08
2015-09-01,66.02
2015-09-02,66.92
2015-09-03,69.08
2015-09-04,66.92
2015-09-05,57.02
2015-09-06,60.08
2015-09-07,64.94
2015-09-08,68.0
2015-09-09,69.98
2015-09-10,69.08
2015-09-11,62.96
2015-09-12,64.49000000000001
2015-09-13,66.02
2015-09-14,55.04
2015-09-15,59.0
2015-09-16,64.94
2015-09-17,60.98
2015-09-18,62.06
2015-09-19,64.64
2015-09-20,66.92
2015-09-21,44.96
2015-09-22,53.06
2015-09-23,53.06
2015-09-24,57.02
2015-09-25,53.96
2015-09-26,51.08
2015-09-27,53.06
2015-09-28,62.96
2015-09-29,69.56
2015-09-30,73.94
2015-10-01,50.0
2015-10-02,46.94
2015-10-03,44.96
2015-10-04,41.0
2015-10-05,46.04
2015-10-06,48.02
2015-10-07,51.08
2015-10-08,50.0
2015-10-09,62.96
2015-10-10,51.08
2015-10-11,46.94
2015-10-12,53.96
2015-10-13,62.96
2015-10-14,53.06
2015-10-15,41.0
2015-10-16,42.98
2015-10-17,39.02
2015-10-18,26.96
2015-10-19,26.96
2015-10-20,44.06
2015-10-21,50.0
2015-10-22,53.06
2015-10-23,37.04
2015-10-24,39.02
2015-10-25,53.33
2015-10-26,35.06
2015-10-27,37.94
2015-10-28,64.94
2015-10-29,66.04571428571428
2015-10-30,37.04
2015-10-31,33.98
2015-11-01,46.94
2015-11-02,44.06
2015-11-03,44.06
2015-11-04,46.04
2015-11-05,60.98
2015-11-06,62.06
2015-11-07,46.94
2015-11-08,33.08
2015-11-09,33.08
2015-11-10,44.06
2015-11-11,46.22
2015-11-12,53.96
2015-11-13,46.04
2015-11-14,30.92
2015-11-15,33.08
2015-11-16,41.0
2015-11-17,24.08
2015-11-18,39.92
2015-11-19,57.92
2015-11-20,57.92
2015-11-21,30.92
2015-11-22,40.46
2015-11-23,21.02
2015-11-24,19.04
2015-11-25,28.22
2015-11-26,45.5
2015-11-27,51.08
2015-11-28,48.02
2015-11-29,30.92
2015-11-30,24.08
2015-12-01,35.96
2015-12-02,43.25
2015-12-03,42.98
2015-12-04,30.92
2015-12-05,33.98
2015-12-06,35.06
2015-12-07,33.08
2015-12-08,33.44
2015-12-09,39.080000000000005
2015-12-10,46.94
2015-12-11,46.94
2015-12-12,42.08
2015-12-13,41.0
2015-12-14,57.92
2015-12-15,60.26
2015-12-16,33.98
2015-12-17,46.94
2015-12-18,46.76
2015-12-19,21.92
2015-12-20,21.92
2015-12-21,39.02
2015-12-22,54.02
2015-12-23,51.08
2015-12-24,62.96
2015-12-25,46.94
2015-12-26,35.96
2015-12-27,52.519999999999996
2015-12-28,28.04
2015-12-29,30.92
2015-12-30,31.34
2015-12-31,35.96
2016-01-01,26.96
2016-01-02,21.02
2016-01-03,24.98
2016-01-04,24.98
2016-01-05,5.0
2016-01-06,10.04
2016-01-07,12.92
2016-01-08,28.94
2016-01-09,33.98
2016-01-10,57.080000000000005
2016-01-11,30.02
2016-01-12,30.92
2016-01-13,20.63
2016-01-14,19.94
2016-01-15,28.94
2016-01-16,37.94
2016-01-17,26.06
2016-01-18,23.0
2016-01-19,12.92
2016-01-20,10.94
2016-01-21,10.94
2016-01-22,8.06
2016-01-23,18.5
2016-01-24,10.94
2016-01-25,21.02
2016-01-26,33.08
2016-01-27,32.0
2016-01-28,26.06
2016-01-29,30.26
2016-01-30,24.08
2016-01-31,33.98
2016-02-01,39.92
2016-02-02,28.94
2016-02-03,53.96
2016-02-04,53.06
2016-02-05,30.92
2016-02-06,23.0
2016-02-07,23.0
2016-02-08,26.96
2016-02-09,19.94
2016-02-10,30.02
2016-02-11,15.08
2016-02-12,8.06
2016-02-13,8.06
2016-02-14,-14.08
2016-02-15,17.96
2016-02-16,49.46
2016-02-17,26.06
2016-02-18,21.02
2016-02-19,26.96
2016-02-20,33.98
2016-02-21,33.08
2016-02-22,28.04
2016-02-23,30.92
2016-02-24,58.46
2016-02-25,59.36
2016-02-26,26.06
2016-02-27,17.96
2016-02-28,32.0
2016-02-29,42.98
2016-03-01,33.08
2016-03-02,44.06
2016-03-03,8.96
2016-03-04,21.92
2016-03-05,20.48
2016-03-06,17.06
2016-03-07,35.96
2016-03-08,37.94
2016-03-09,42.08
2016-03-10,57.02
2016-03-11,51.98
2016-03-12,35.06
2016-03-13,37.04
2016-03-14,37.04
2016-03-15,44.96
2016-03-16,46.04
2016-03-17,46.94
2016-03-18,35.06
2016-03-19,21.02
2016-03-20,24.679999999999996
2016-03-21,30.92
2016-03-22,33.98
2016-03-23,35.96
2016-03-24,33.98
2016-03-25,48.68000000000001
2016-03-26,33.98
2016-03-27,33.98
2016-03-28,42.08
2016-03-29,30.02
2016-03-30,30.02
2016-03-31,55.04
2016-04-01,59.0
2016-04-02,44.96
2016-04-03,37.04
2016-04-04,23.0
2016-04-05,17.06
2016-04-06,33.08
2016-04-07,53.06
2016-04-08,44.96
2016-04-09,24.08
2016-04-10,26.96
2016-04-11,46.04
2016-04-12,51.08
2016-04-13,28.04
2016-04-14,30.92
2016-04-15,30.92
2016-04-16,28.94
2016-04-17,30.92
2016-04-18,35.06
2016-04-19,39.92
2016-04-20,32.0
2016-04-21,39.92
2016-04-22,60.98
2016-04-23,60.08
2016-04-24,26.06
2016-04-25,33.08
2016-04-26,41.0
2016-04-27,39.02
2016-04-28,35.96
2016-04-29,35.96
2016-04-30,39.92
2016-05-01,39.92
2016-05-02,48.92
2016-05-03,48.02
2016-05-04,47.0
2016-05-05,44.06
2016-05-06,51.08
2016-05-07,51.080000000000005
2016-05-08,51.44
2016-05-09,37.04
2016-05-10,33.08
2016-05-11,42.98
2016-05-12,44.96
2016-05-13,60.080000000000005
2016-05-14,57.02
2016-05-15,47.78
2016-05-16,33.98
2016-05-17,42.08
2016-05-18,41.0
2016-05-19,48.92
2016-05-20,48.02
2016-05-21,46.94
2016-05-22,51.08
2016-05-23,53.06
2016-05-24,56.48
2016-05-25,55.04
2016-05-26,59.0
2016-05-27,64.04
2016-05-28,68.0
2016-05-29,68.0
2016-05-30,68.0
2016-05-31,68.0
2016-06-01,55.94
2016-06-02,57.02
2016-06-03,62.96
2016-06-04,62.96
2016-06-05,64.94
2016-06-06,63.5
2016-06-07,62.06
2016-06-08,51.08
2016-06-09,42.98
2016-06-10,44.06
2016-06-11,60.98
2016-06-12,62.96
2016-06-13,48.92
2016-06-14,50.0
2016-06-15,55.04
2016-06-16,59.0
2016-06-17,59.0
2016-06-18,53.96
2016-06-19,60.98
2016-06-20,62.96
2016-06-21,62.96
2016-06-22,53.96
2016-06-23,60.08
2016-06-24,53.96
2016-06-25,53.96
2016-06-26,60.98
2016-06-27,66.02
2016-06-28,68.0
2016-06-29,68.0
2016-06-30,57.92
2016-07-01,69.395
2016-07-02,66.02
2016-07-03,55.04
2016-07-04,62.06
2016-07-05,68.0
2016-07-06,66.02
2016-07-07,73.04
2016-07-08,69.98
2016-07-09,63.50000000000001
2016-07-10,65.975
2016-07-11,62.96
2016-07-12,60.98
2016-07-13,66.02
2016-07-14,74.03
2016-07-15,71.06
2016-07-16,64.94
2016-07-17,64.94
2016-07-18,69.98
2016-07-19,66.92
2016-07-20,53.96
2016-07-21,62.96
2016-07-22,73.04
2016-07-23,71.06
2016-07-24,60.98
2016-07-25,71.96
2016-07-26,66.02
2016-07-27,60.98
2016-07-28,68.0
2016-07-29,69.98
2016-07-30,69.62
2016-07-31,69.08
2016-08-01,66.11
2016-08-02,62.96
2016-08-03,60.98
2016-08-04,60.98
2016-08-05,62.96
2016-08-06,69.08
2016-08-07,60.98
2016-08-08,59.0
2016-08-09,57.92
2016-08-10,77.0
2016-08-11,75.02
2016-08-12,75.11
2016-08-13,75.92
2016-08-14,73.94
2016-08-15,68.0
2016-08-16,75.02
2016-08-17,75.02
2016-08-18,64.94
2016-08-19,68.0
2016-08-20,66.92
2016-08-21,71.96
2016-08-22,67.775
2016-08-23,55.94
2016-08-24,62.06
2016-08-25,66.02
2016-08-26,73.04
2016-08-27,62.96
2016-08-28,64.94
2016-08-29,66.02
2016-08-30,57.92
2016-08-31,66.92
2016-09-01,68.0
2016-09-02,57.02
2016-09-03,57.02
2016-09-04,55.04
2016-09-05,53.96
2016-09-06,65.47999999999999
2016-09-07,68.0
2016-09-08,71.06
2016-09-09,71.96
2016-09-10,71.96
2016-09-11,71.06
2016-09-12,53.06
2016-09-13,60.08
2016-09-14,64.04
2016-09-15,50.0
2016-09-16,53.96
2016-09-17,62.24
2016-09-18,69.98
2016-09-19,70.7
2016-09-20,66.92
2016-09-21,62.06
2016-09-22,57.02
2016-09-23,62.06
2016-09-24,53.06
2016-09-25,41.0
2016-09-26,51.08
2016-09-27,60.379999999999995
2016-09-28,57.02
2016-09-29,48.92
2016-09-30,51.98
2016-10-01,53.06
2016-10-02,53.96
2016-10-03,59.0
2016-10-04,53.96
2016-10-05,48.02
2016-10-06,48.92
2016-10-07,51.98
2016-10-08,62.06
2016-10-09,61.339999999999996
2016-10-10,39.02
2016-10-11,42.08
2016-10-12,48.92
2016-10-13,55.04
2016-10-14,41.0
2016-10-15,42.08
2016-10-16,55.04
2016-10-17,60.98
2016-10-18,62.06
2016-10-19,62.06
2016-10-20,55.04
2016-10-21,69.08
2016-10-22,64.22
2016-10-23,39.02
2016-10-24,42.98
2016-10-25,30.92
2016-10-26,26.06
2016-10-27,33.98
2016-10-28,39.02
2016-10-29,44.06
2016-10-30,53.06
2016-10-31,39.92
2016-11-01,41.0
2016-11-02,52.0
2016-11-03,55.9
2016-11-04,45.0
2016-11-05,39.0
2016-11-06,41.0
2016-11-07,28.0
2016-11-08,34.0
2016-11-09,48.0
2016-11-10,35.1
2016-11-11,39.0
2016-11-12,21.9
2016-11-13,28.9
2016-11-14,28.9
2016-11-15,46.2
2016-11-16,46.9
2016-11-17,39.9
2016-11-18,36.0
2016-11-19,46.0
2016-11-20,45.0
2016-11-21,24.1
2016-11-22,21.0
2016-11-23,21.9
2016-11-24,35.1
2016-11-25,41.0
2016-11-26,39.58
2016-11-27,30.9
2016-11-28,28.0
2016-11-29,55.9
2016-11-30,46.9
2016-12-01,45.0
2016-12-02,32.0
2016-12-03,28.9
2016-12-04,19.9
2016-12-05,33.55
2016-12-06,31.45
2016-12-07,36.0
2016-12-08,33.1
2016-12-09,19.0
2016-12-10,10.9
2016-12-11,27.0
2016-12-12,35.8
2016-12-13,25.0
2016-12-14,27.0
2016-12-15,14.1
2016-12-16,8.1
2016-12-17,29.633333333333336
2016-12-18,48.0
2016-12-19,6.1
2016-12-20,12.9
2016-12-21,21.0
2016-12-22,27.0
2016-12-23,26.1
2016-12-24,39.0
2016-12-25,28.9
2016-12-26,40.45
2016-12-27,46.9
2016-12-28,24.1
2016-12-29,32.0
2016-12-30,28.060000000000002
2016-12-31,32.0
2017-01-01,30.9
2017-01-02,28.0
2017-01-03,37.2
2017-01-04,39.13333333333333
2017-01-05,14.0
2017-01-06,22.333333333333332
2017-01-07,16.0
2017-01-08,10.9
2017-01-09,3.9
2017-01-10,33.1
2017-01-11,41.0
2017-01-12,51.1
2017-01-13,48.0
2017-01-14,21.9
2017-01-15,21.9
2017-01-16,24.1
2017-01-17,33.239999999999995
2017-01-18,36.0
2017-01-19,35.8
2017-01-20,36.0
2017-01-21,43.0
2017-01-22,43.0
2017-01-23,36.5
2017-01-24,34.0
2017-01-25,32.0
2017-01-26,39.9
2017-01-27,27.0
2017-01-28,21.9
2017-01-29,23.0
2017-01-30,21.0
2017-01-31,23.0
2017-02-01,28.0
2017-02-02,24.1
2017-02-03,10.9
2017-02-04,10.0
2017-02-05,21.0
2017-02-06,21.9
2017-02-07,32.0
2017-02-08,39.0
2017-02-09,26.55
2017-02-10,18.0
2017-02-11,23.0
2017-02-12,28.0
2017-02-13,27.0
2017-02-14,21.9
2017-02-15,34.55
2017-02-16,23.0
2017-02-17,16.0
2017-02-18,33.1
2017-02-19,35.1
2017-02-20,30.9
2017-02-21,30.0
2017-02-22,37.0
2017-02-23,48.9
2017-02-24,54.0
2017-02-25,57.300000000000004
2017-02-26,30.9
2017-02-27,30.0
2017-02-28,48.9
2017-03-01,57.0
2017-03-02,50.0
2017-03-03,16.0
2017-03-04,1.9
2017-03-05,-4.0
2017-03-06,21.0
2017-03-07,45.0
2017-03-08,48.55
2017-03-09,23.0
2017-03-10,28.9
2017-03-11,5.0
2017-03-12,1.9
2017-03-13,8.1
2017-03-14,28.9
2017-03-15,12.0
2017-03-16,14.0
2017-03-17,14.0
2017-03-18,25.0
2017-03-19,25.0
2017-03-20,19.9
2017-03-21,30.0
2017-03-22,26.1
2017-03-23,9.0
2017-03-24,32.0
2017-03-25,38.45
2017-03-26,32.0
2017-03-27,39.0
2017-03-28,42.1
2017-03-29,39.45
2017-03-30,28.9
2017-03-31,36.0
2017-04-01,34.36666666666667
2017-04-02,34.0
2017-04-03,34.0
2017-04-04,43.0
2017-04-05,41.0
2017-04-06,41.0
2017-04-07,44.1
2017-04-08,27.0
2017-04-09,30.0
2017-04-10,42.1
2017-04-11,51.1
2017-04-12,57.0
2017-04-13,34.0
2017-04-14,30.9
2017-04-15,50.0
2017-04-16,61.0
2017-04-17,59.0
2017-04-18,37.0
2017-04-19,43.0
2017-04-20,48.9
2017-04-21,48.9
2017-04-22,45.0
2017-04-23,39.9
2017-04-24,43.0
2017-04-25,51.1
2017-04-26,57.06666666666666
2017-04-27,57.0
2017-04-28,62.1
2017-04-29,59.0
2017-04-30,44.1
2017-05-01,60.1
2017-05-02,57.36666666666667
2017-05-03,37.9
2017-05-04,37.0
2017-05-05,51.739999999999995
2017-05-06,61.55
2017-05-07,53.1
2017-05-08,36.0
2017-05-09,35.1
2017-05-10,35.1
2017-05-11,41.0
2017-05-12,46.0
2017-05-13,48.0
2017-05-14,46.9
2017-05-15,45.0
2017-05-16,46.0
2017-05-17,62.1
2017-05-18,64.9
2017-05-19,68.0
2017-05-20,44.1
2017-05-21,46.9
2017-05-22,53.1
2017-05-23,54.0
2017-05-24,55.0
2017-05-25,55.45
2017-05-26,57.0
2017-05-27,54.0
2017-05-28,57.0
2017-05-29,52.55
2017-05-30,54.0
2017-05-31,62.55
2017-06-01,58.45
2017-06-02,43.0
2017-06-03,46.9
2017-06-04,55.65
2017-06-05,57.0
2017-06-06,53.1
2017-06-07,51.1
2017-06-08,53.1
2017-06-09,53.1
2017-06-10,59.0
2017-06-11,64.0
2017-06-12,64.9
2017-06-13,70.0
2017-06-14,63.0
2017-06-15,53.1
2017-06-16,62.575
2017-06-17,69.1
2017-06-18,71.55
2017-06-19,73.45
2017-06-20,69.1
2017-06-21,62.699999999999996
2017-06-22,60.1
2017-06-23,73.0
2017-06-24,72.0
2017-06-25,62.1
2017-06-26,54.0
2017-06-27,61.0
2017-06-28,55.0
2017-06-29,62.1
2017-06-30,72.0
2017-07-01,72.0
2017-07-02,71.1
2017-07-03,68.0
2017-07-04,57.9
2017-07-05,59.0
2017-07-06,62.1
2017-07-07,67.03333333333335
2017-07-08,70.0
2017-07-09,57.9
2017-07-10,66.0
2017-07-11,70.0
2017-07-12,75.0
2017-07-13,73.0
2017-07-14,63.0
2017-07-15,68.0
2017-07-16,66.0
2017-07-17,69.1
2017-07-18,73.9
2017-07-19,73.0
2017-07-20,70.0
2017-07-21,70.0
2017-07-22,69.1
2017-07-23,66.0
2017-07-24,59.0
2017-07-25,59.0
2017-07-26,59.0
2017-07-27,68.0
2017-07-28,66.9
2017-07-29,54.0
2017-07-30,60.1
2017-07-31,63.0
2017-08-01,68.0
2017-08-02,71.1
2017-08-03,69.1
2017-08-04,70.36666666666666
2017-08-05,70.55
2017-08-06,57.0
2017-08-07,63.0
2017-08-08,63.0
2017-08-09,61.0
2017-08-10,64.0
2017-08-11,63.0
2017-08-12,67.63333333333334
2017-08-13,69.1
2017-08-14,64.9
2017-08-15,69.1
2017-08-16,66.9
2017-08-17,60.1
2017-08-18,75.9
2017-08-19,75.05
2017-08-20,64.0
2017-08-21,64.9
2017-08-22,73.9
2017-08-23,73.43333333333334
2017-08-24,57.9
2017-08-25,55.9
2017-08-26,52.0
2017-08-27,53.1
2017-08-28,55.0
2017-08-29,57.0
2017-08-30,57.0
2017-08-31,59.0
2017-09-01,44.1
2017-09-02,48.9
2017-09-03,57.9
2017-09-04,62.1
2017-09-05,68.0
2017-09-06,68.0
2017-09-07,59.0
2017-09-08,53.1
2017-09-09,52.0
2017-09-10,53.1
2017-09-11,57.9
2017-09-12,57.0
2017-09-13,62.1
2017-09-14,69.1
2017-09-15,68.0
2017-09-16,69.1
2017-09-17,68.0
2017-09-18,66.0
2017-09-19,64.9
2017-09-20,64.9
2017-09-21,63.0
2017-09-22,57.0
2017-09-23,59.0
2017-09-24,70.0
2017-09-25,70.0
2017-09-26,69.1
2017-09-27,72.0
2017-09-28,73.0
2017-09-29,46.0
2017-09-30,51.1
2017-10-01,45.0
2017-10-02,48.9
2017-10-03,52.0
2017-10-04,59.0
2017-10-05,63.0
2017-10-06,55.9
2017-10-07,66.0
2017-10-08,71.55
2017-10-09,72.0
2017-10-10,66.45
2017-10-11,57.9
2017-10-12,48.9
2017-10-13,53.1
2017-10-14,60.1
2017-10-15,64.0
2017-10-16,62.8
2017-10-17,37.9
2017-10-18,48.9
2017-10-19,51.1
2017-10-20,46.9
2017-10-21,46.9
2017-10-22,48.9
2017-10-23,62.4
2017-10-24,68.275
2017-10-25,64.9
2017-10-26,57.9
2017-10-27,39.9
2017-10-28,55.9
2017-10-29,62.55
2017-10-30,64.0
2017-10-31,34.0
2017-11-01,42.1
2017-11-02,60.1
2017-11-03,60.4
2017-11-04,36.0
2017-11-05,51.4
2017-11-06,61.0
2017-11-07,37.9
2017-11-08,34.0
2017-11-09,42.45
2017-11-10,45.0
2017-11-11,16.0
2017-11-12,23.0
2017-11-13,33.1
2017-11-14,35.26666666666667
2017-11-15,30.0
2017-11-16,45.0
2017-11-17,32.0
2017-11-18,35.8
2017-11-19,55.13333333333333
2017-11-20,26.1
2017-11-21,39.0
2017-11-22,45.0
2017-11-23,21.9
2017-11-24,30.0
2017-11-25,34.0
2017-11-26,37.0
2017-11-27,27.0
2017-11-28,39.9
2017-11-29,43.0
2017-11-30,41.0
2017-12-01,42.55
2017-12-02,30.0
2017-12-03,30.9
2017-12-04,33.1
2017-12-05,57.0
2017-12-06,55.0
2017-12-07,24.1
2017-12-08,21.0
2017-12-09,28.2
2017-12-10,28.0
2017-12-11,23.0
2017-12-12,34.36666666666667
2017-12-13,16.0
2017-12-14,18.0
2017-12-15,19.9
2017-12-16,23.0
2017-12-17,14.0
2017-12-18,27.0
2017-12-19,37.0
2017-12-20,34.0
2017-12-21,17.1
2017-12-22,24.100000000000005
2017-12-23,33.45
2017-12-24,32.0
2017-12-25,28.45
2017-12-26,12.0
2017-12-27,3.9
2017-12-28,-2.9
2017-12-29,-0.9
2017-12-30,12.0
2017-12-31,3.9
2018-01-01,-6.0
2018-01-02,6.1
2018-01-03,6.1
2018-01-04,24.55
2018-01-05,8.1
2018-01-06,-6.0
2018-01-07,-0.9
2018-01-08,24.1
2018-01-09,26.1
2018-01-10,25.0
2018-01-11,43.625
2018-01-12,59.0
2018-01-13,57.9
2018-01-14,5.0
2018-01-15,8.1
2018-01-16,27.0
2018-01-17,30.9
2018-01-18,15.1
2018-01-19,19.9
2018-01-20,28.0
2018-01-21,32.0
2018-01-22,37.0
2018-01-23,39.13333333333333
2018-01-24,33.1
2018-01-25,9.0
2018-01-26,16.0
2018-01-27,39.9
2018-01-28,46.0
2018-01-29,28.9
2018-01-30,21.9
2018-01-31,19.0
2018-02-01,34.0
2018-02-02,33.1
2018-02-03,12.0
2018-02-04,37.08
2018-02-05,37.1
2018-02-06,19.9
2018-02-07,30.0
2018-02-08,20.0
2018-02-09,24.450000000000003
2018-02-10,41.36666666666667
2018-02-11,41.0
2018-02-12,39.9
2018-02-13,19.9
2018-02-14,35.1
2018-02-15,46.9
2018-02-16,48.0
2018-02-17,28.9
2018-02-18,28.9
2018-02-19,44.55
2018-02-20,53.1
2018-02-21,57.9
2018-02-22,39.0
2018-02-23,36.0
2018-02-24,39.9
2018-02-25,37.9
2018-02-26,37.2
2018-02-27,26.1
2018-02-28,35.1
2018-03-01,39.0
2018-03-02,37.0
2018-03-03,30.9
2018-03-04,32.0
2018-03-05,30.45
2018-03-06,26.1
2018-03-07,33.1
2018-03-08,30.9
2018-03-09,28.9
2018-03-10,27.0
2018-03-11,23.0
2018-03-12,28.9
2018-03-13,32.0
2018-03-14,30.666666666666668
2018-03-15,26.1
2018-03-16,19.9
2018-03-17,12.9
2018-03-18,10.0
2018-03-19,12.0
2018-03-20,12.0
2018-03-21,26.05
2018-03-22,30.9
2018-03-23,24.1
2018-03-24,24.1
2018-03-25,27.0
2018-03-26,23.0
2018-03-27,21.9
2018-03-28,41.0
2018-03-29,46.9
2018-03-30,53.26666666666667
2018-03-31,32.0
2018-04-01,35.1
2018-04-02,30.0
2018-04-03,37.2
2018-04-04,48.0
2018-04-05,16.0
2018-04-06,37.9
2018-04-07,37.0
2018-04-08,16.0
2018-04-09,21.9
2018-04-10,34.55
2018-04-11,28.0
2018-04-12,42.1
2018-04-13,48.0
2018-04-14,45.0
2018-04-15,30.599999999999998
2018-04-16,44.1
2018-04-17,41.55
2018-04-18,30.9
2018-04-19,36.0
2018-04-20,26.1
2018-04-21,27.0
2018-04-22,24.1
2018-04-23,26.1
2018-04-24,39.0
2018-04-25,57.06666666666666
2018-04-26,55.300000000000004
2018-04-27,51.45
2018-04-28,50.55
2018-04-29,48.9
2018-04-30,39.0
2018-05-01,41.0
2018-05-02,43.0
2018-05-03,66.9
2018-05-04,64.9
2018-05-05,46.9
2018-05-06,57.0
2018-05-07,53.1
2018-05-08,52.0
2018-05-09,50.0
2018-05-10,54.0
2018-05-11,55.0
2018-05-12,46.9
2018-05-13,51.1
2018-05-14,55.9
2018-05-15,64.9
2018-05-16,57.9
2018-05-17,64.0
2018-05-18,61.0
2018-05-19,57.1
2018-05-20,66.9
2018-05-21,54.0
2018-05-22,59.0
2018-05-23,57.9
2018-05-24,54.0
2018-05-25,59.0
2018-05-26,64.0
2018-05-27,60.1
2018-05-28,57.9
2018-05-29,66.0
2018-05-30,62.1
2018-05-31,64.9
2018-06-01,71.1
2018-06-02,69.1
2018-06-03,57.9
2018-06-04,53.1
2018-06-05,57.0
2018-06-06,53.1
2018-06-07,55.9
2018-06-08,59.0
2018-06-09,59.0
2018-06-10,53.1
2018-06-11,50.0
2018-06-12,50.0
2018-06-13,66.0
2018-06-14,66.9
2018-06-15,57.9
2018-06-16,57.0
2018-06-17,57.9
2018-06-18,72.0
2018-06-19,72.0
2018-06-20,61.0
2018-06-21,60.1
2018-06-22,60.1
2018-06-23,59.0
2018-06-24,68.73333333333333
2018-06-25,66.72500000000001
2018-06-26,57.0
2018-06-27,63.0
2018-06-28,72.8
2018-06-29,68.0
2018-06-30,66.9
2018-07-01,75.9
2018-07-02,73.9
2018-07-03,77.0
2018-07-04,75.0
2018-07-05,73.0
2018-07-06,75.0
2018-07-07,52.0
2018-07-08,57.9
2018-07-09,62.1
2018-07-10,66.0
2018-07-11,64.0
2018-07-12,57.0
2018-07-13,63.0
2018-07-14,68.0
2018-07-15,72.0
2018-07-16,73.45
2018-07-17,73.9
2018-07-18,69.1
2018-07-19,57.9
2018-07-20,59.0
2018-07-21,61.0
2018-07-22,72.0
2018-07-23,75.0
2018-07-24,73.0
2018-07-25,73.9
2018-07-26,72.63333333333334
2018-07-27,71.55
2018-07-28,68.0
2018-07-29,66.0
2018-07-30,64.0
2018-07-31,64.9
2018-08-01,75.0
2018-08-02,74.93333333333334
2018-08-03,75.9
2018-08-04,73.2
2018-08-05,71.1
2018-08-06,72.0
2018-08-07,73.9
2018-08-08,75.0
2018-08-09,71.1
2018-08-10,72.0
2018-08-11,69.1
2018-08-12,71.86666666666666
2018-08-13,71.1
2018-08-14,73.0
2018-08-15,70.0
2018-08-16,71.1
2018-08-17,75.45
2018-08-18,73.0
2018-08-19,64.9
2018-08-20,62.1
2018-08-21,64.0
2018-08-22,71.1
2018-08-23,62.1
2018-08-24,61.0
2018-08-25,62.1
2018-08-26,68.0
2018-08-27,71.1
2018-08-28,73.9
2018-08-29,73.9
2018-08-30,72.0
2018-08-31,61.0
2018-09-01,63.0
2018-09-02,69.1
2018-09-03,73.9
2018-09-04,73.9
2018-09-05,73.0
2018-09-06,75.0
2018-09-07,70.0
2018-09-08,63.0
2018-09-09,50.0
2018-09-10,57.9
2018-09-11,68.0
2018-09-12,69.1
2018-09-13,68.0
2018-09-14,66.9
2018-09-15,66.9
2018-09-16,68.0
2018-09-17,71.1
2018-09-18,73.84
2018-09-19,66.0
2018-09-20,57.0
2018-09-21,64.0
2018-09-22,66.9
2018-09-23,53.1
2018-09-24,51.1
2018-09-25,57.9
2018-09-26,73.0
2018-09-27,57.0
2018-09-28,53.55
2018-09-29,55.0
2018-09-30,53.1
2018-10-01,62.1
2018-10-02,60.239999999999995
2018-10-03,62.1
2018-10-04,66.0
2018-10-05,59.0
2018-10-06,57.55
2018-10-07,66.9
2018-10-08,60.1
2018-10-09,68.0
2018-10-10,69.1
2018-10-11,70.0
2018-10-12,63.0
2018-10-13,43.0
2018-10-14,43.0
2018-10-15,62.35
2018-10-16,53.666666666666664
2018-10-17,39.0
2018-10-18,27.0
2018-10-19,42.1
2018-10-20,48.9
2018-10-21,45.0
2018-10-22,34.0
2018-10-23,46.9
2018-10-24,39.9
2018-10-25,33.1
2018-10-26,32.0
2018-10-27,45.0
2018-10-28,45.0
2018-10-29,48.55
2018-10-30,36.0
2018-10-31,51.1
2018-11-01,54.0
2018-11-02,63.7
2018-11-03,57.9
2018-11-04,33.1
2018-11-05,45.0
2018-11-06,53.1
2018-11-07,50.0
2018-11-08,33.1
2018-11-09,42.1
2018-11-10,43.0
2018-11-11,24.1
2018-11-12,33.0
2018-11-13,42.1
2018-11-14,21.0
2018-11-15,26.183333333333337
2018-11-16,32.0
2018-11-17,30.9
2018-11-18,27.0
2018-11-19,36.0
2018-11-20,35.8
2018-11-21,29.775
2018-11-22,3.9
2018-11-23,3.9
2018-11-24,34.733333333333334
2018-11-25,41.0
2018-11-26,42.1
2018-11-27,37.0
2018-11-28,28.9
2018-11-29,28.0
2018-11-30,33.1
2018-12-01,33.1
2018-12-02,41.0
2018-12-03,45.0
2018-12-04,26.55
2018-12-05,19.0
2018-12-06,26.1
2018-12-07,27.0
2018-12-08,15.1
2018-12-09,19.0
2018-12-10,19.9
2018-12-11,19.0
2018-12-12,21.0
2018-12-13,23.0
2018-12-14,37.9
2018-12-15,46.0
2018-12-16,36.0
2018-12-17,33.45
2018-12-18,19.9
2018-12-19,21.0
2018-12-20,36.0
2018-12-21,61.55
2018-12-22,53.1
2018-12-23,24.1
2018-12-24,33.1
2018-12-25,26.1
2018-12-26,25.0
2018-12-27,26.1
2018-12-28,53.35
2018-12-29,51.1
2018-12-30,25.0
2018-12-31,37.9
2019-01-01,48.0
2019-01-02,19.9
2019-01-03,33.1
2019-01-04,30.9
2019-01-05,37.0
2019-01-06,33.45
2019-01-07,7.0
2019-01-08,34.0
2019-01-09,36.0
2019-01-10,21.0
2019-01-11,12.9
2019-01-12,8.1
2019-01-13,7.0
2019-01-14,14.0
2019-01-15,21.0
2019-01-16,21.9
2019-01-17,10.9
2019-01-18,28.0
2019-01-19,26.55
2019-01-20,25.0
2019-01-21,-9.0
2019-01-22,6.1
2019-01-23,39.9
2019-01-24,54.0
2019-01-25,21.9
2019-01-26,15.1
2019-01-27,28.9
2019-01-28,19.0
2019-01-29,26.1
2019-01-30,25.0
2019-01-31,-9.9
2019-02-01,-0.9
2019-02-02,21.0
2019-02-03,32.0
2019-02-04,39.0
2019-02-05,44.1
2019-02-06,35.1
2019-02-07,37.0
2019-02-08,44.1
2019-02-09,7.0
2019-02-10,15.1
2019-02-11,19.0
2019-02-12,23.880000000000003
2019-02-13,32.55
2019-02-14,23.0
2019-02-15,41.0
2019-02-16,25.0
2019-02-17,26.55
2019-02-18,27.5
2019-02-19,6.1
2019-02-20,22.275
2019-02-21,35.1
2019-02-22,23.0
2019-02-23,26.1
2019-02-24,37.9
2019-02-25,28.9
2019-02-26,10.9
2019-02-27,16.0
2019-02-28,16.0
2019-03-01,24.1
2019-03-02,28.0
2019-03-03,31.45
2019-03-04,30.9
2019-03-05,10.0
2019-03-06,5.0
2019-03-07,10.0
2019-03-08,17.1
2019-03-09,24.1
2019-03-10,34.0
2019-03-11,34.0
2019-03-12,23.0
2019-03-13,26.1
2019-03-14,39.9
2019-03-15,53.26666666666667
2019-03-16,39.0
2019-03-17,19.9
2019-03-18,17.1
2019-03-19,19.9
2019-03-20,27.0
2019-03-21,35.6
2019-03-22,37.9
2019-03-23,29.1
2019-03-24,21.0
2019-03-25,28.0
2019-03-26,7.0
2019-03-27,21.0
2019-03-28,35.1
2019-03-29,46.9
2019-03-30,46.65
2019-03-31,53.1
2019-04-01,24.1
2019-04-02,30.0
2019-04-03,34.55
2019-04-04,18.0
2019-04-05,32.733333333333334
2019-04-06,44.1
2019-04-07,44.1
2019-04-08,50.0
2019-04-09,42.4
2019-04-10,41.0
2019-04-11,27.0
2019-04-12,55.9
2019-04-13,57.9
2019-04-14,61.0
2019-04-15,62.1
2019-04-16,28.0
2019-04-17,30.9
2019-04-18,46.9
2019-04-19,64.0
2019-04-20,64.9
2019-04-21,55.45
2019-04-22,57.0
2019-04-23,54.0
2019-04-24,52.0
2019-04-25,43.0
2019-04-26,51.5
2019-04-27,45.0
2019-04-28,43.0
2019-04-29,35.1
2019-04-30,45.0
2019-05-01,45.5
2019-05-02,52.8
2019-05-03,53.35
2019-05-04,59.0
2019-05-05,57.9
2019-05-06,46.9
2019-05-07,57.0
2019-05-08,51.1
2019-05-09,35.1
2019-05-10,60.95
2019-05-11,54.5
2019-05-12,41.0
2019-05-13,43.0
2019-05-14,43.0
2019-05-15,46.9
2019-05-16,46.9
2019-05-17,61.0
2019-05-18,44.1
2019-05-19,64.0
2019-05-20,66.9
2019-05-21,45.0
2019-05-22,46.9
2019-05-23,59.55
2019-05-24,59.18333333333334
2019-05-25,50.0
2019-05-26,61.0
2019-05-27,51.1
2019-05-28,53.55
2019-05-29,55.45
2019-05-30,59.0
2019-05-31,60.55
2019-06-01,59.0
2019-06-02,62.1
2019-06-03,48.9
2019-06-04,48.0
2019-06-05,66.0
2019-06-06,66.9
2019-06-07,60.1
2019-06-08,57.9
2019-06-09,51.1
2019-06-10,64.9
2019-06-11,66.9
2019-06-12,51.1
2019-06-13,53.55
2019-06-14,55.0
2019-06-15,55.0
2019-06-16,66.0
2019-06-17,64.0
2019-06-18,66.0
2019-06-19,64.9
2019-06-20,70.55
2019-06-21,70.0
2019-06-22,55.9
2019-06-23,53.1
2019-06-24,59.0
2019-06-25,70.06666666666666
2019-06-26,68.55
2019-06-27,64.9
2019-06-28,61.0
2019-06-29,70.0
2019-06-30,66.9
2019-07-01,59.0
2019-07-02,64.0
2019-07-03,66.0
2019-07-04,66.0
2019-07-05,70.0
2019-07-06,72.0
2019-07-07,70.0
2019-07-08,61.0
2019-07-09,59.0
2019-07-10,64.0
2019-07-11,70.0
2019-07-12,71.35
2019-07-13,64.0
2019-07-14,66.0
2019-07-15,57.9
2019-07-16,66.0
2019-07-17,73.0
2019-07-18,73.0
2019-07-19,75.0
2019-07-20,75.23333333333333
2019-07-21,72.0
2019-07-22,68.0
2019-07-23,64.0
2019-07-24,64.0
2019-07-25,61.0
2019-07-26,64.9
2019-07-27,66.9
2019-07-28,68.0
2019-07-29,69.1
2019-07-30,70.0
2019-07-31,71.1
2019-08-01,66.9
2019-08-02,61.0
2019-08-03,68.36666666666666
2019-08-04,64.0
2019-08-05,59.0
2019-08-06,66.9
2019-08-07,72.0
2019-08-08,68.0
2019-08-09,61.0
2019-08-10,55.0
2019-08-11,55.9
2019-08-12,61.0
2019-08-13,71.1
2019-08-14,66.9
2019-08-15,64.0
2019-08-16,64.9
2019-08-17,71.1
2019-08-18,73.13333333333334
2019-08-19,71.1
2019-08-20,68.0
2019-08-21,72.5
2019-08-22,72.0
2019-08-23,64.0
2019-08-24,55.9
2019-08-25,55.9
2019-08-26,53.1
2019-08-27,57.9
2019-08-28,66.9
2019-08-29,66.0
2019-08-30,64.9
2019-08-31,61.0
2019-09-01,57.0
2019-09-02,69.1
2019-09-03,62.1
2019-09-04,69.1
2019-09-05,55.9
2019-09-06,55.9
2019-09-07,53.1
2019-09-08,53.1
2019-09-09,57.9
2019-09-10,63.0
2019-09-11,70.0
2019-09-12,66.9
2019-09-13,51.1
2019-09-14,65.63333333333334
2019-09-15,64.9
2019-09-16,57.9
2019-09-17,48.9
2019-09-18,48.9
2019-09-19,46.9
2019-09-20,52.0
2019-09-21,61.0
2019-09-22,62.1
2019-09-23,66.9
2019-09-24,60.1
2019-09-25,52.0
2019-09-26,62.55
2019-09-27,52.0
2019-09-28,66.0
2019-09-29,64.9
2019-09-30,54.0
2019-10-01,64.0
2019-10-02,69.1
2019-10-03,48.0
2019-10-04,49.45
2019-10-05,37.0
2019-10-06,60.1
2019-10-07,61.1
2019-10-08,57.0
2019-10-09,48.0
2019-10-10,44.1
2019-10-11,46.0
2019-10-12,50.0
2019-10-13,50.0
2019-10-14,53.1
2019-10-15,39.0
2019-10-16,53.1
2019-10-17,53.8
2019-10-18,39.9
2019-10-19,36.0
2019-10-20,48.9
2019-10-21,48.9
2019-10-22,54.0
2019-10-23,53.1
2019-10-24,39.0
2019-10-25,46.9
2019-10-26,46.9
2019-10-27,48.9
2019-10-28,48.0
2019-10-29,54.0
2019-10-30,57.9
2019-10-31,66.0
2019-11-01,66.0
2019-11-02,32.0
2019-11-03,33.1
2019-11-04,35.1
2019-11-05,48.9
2019-11-06,30.9
2019-11-07,44.1
2019-11-08,28.9
2019-11-09,19.0
2019-11-10,30.0
2019-11-11,35.1
2019-11-12,36.0
2019-11-13,10.9
2019-11-14,21.9
2019-11-15,27.0
2019-11-16,24.1
2019-11-17,27.0
2019-11-18,33.1
2019-11-19,37.9
2019-11-20,38.266666666666666
2019-11-21,34.0
2019-11-22,41.6
2019-11-23,27.0
2019-11-24,37.0
2019-11-25,34.0
2019-11-26,37.9
2019-11-27,44.1
2019-11-28,37.9
2019-11-29,21.0
2019-11-30,19.0
2019-12-01,28.133333333333336
2019-12-02,30.066666666666666
2019-12-03,26.225
2019-12-04,28.9
2019-12-05,28.9
2019-12-06,28.0
2019-12-07,18.0
2019-12-08,22.0
2019-12-09,48.9
2019-12-10,48.9
2019-12-11,32.0
2019-12-12,16.0
2019-12-13,35.1
2019-12-14,50.0
2019-12-15,33.45
2019-12-16,19.0
2019-12-17,27.0
2019-12-18,28.0
2019-12-19,7.475
2019-12-20,12.0
2019-12-21,19.9
2019-12-22,26.1
2019-12-23,34.0
2019-12-24,30.9
2019-12-25,25.0
2019-12-26,28.0
2019-12-27,41.0
2019-12-28,36.0
2019-12-29,34.0
2019-12-30,34.0
2019-12-31,33.1
2020-01-01,30.0
2020-01-02,30.9
2020-01-03,39.9
2020-01-04,39.9
2020-01-05,33.1
2020-01-06,30.0
2020-01-07,23.0
2020-01-08,26.1
2020-01-09,10.0
2020-01-10,39.9
2020-01-11,54.0
2020-01-12,57.9
2020-01-13,34.0
2020-01-14,36.0
2020-01-15,37.9
2020-01-16,35.833333333333336
2020-01-17,7.0
2020-01-18,18.0
2020-01-19,28.0
2020-01-20,10.0
2020-01-21,3.9
2020-01-22,19.0
2020-01-23,21.0
2020-01-24,28.0
2020-01-25,39.9
2020-01-26,39.0
2020-01-27,28.9
2020-01-28,26.1
2020-01-29,19.9
2020-01-30,15.1
2020-01-31,28.9
2020-02-01,34.0
2020-02-02,30.0
2020-02-03,30.9
2020-02-04,33.1
2020-02-05,28.9
2020-02-06,32.55
2020-02-07,36.025
2020-02-08,21.0
2020-02-09,23.0
2020-02-10,39.0
2020-02-11,37.9
2020-02-12,30.0
2020-02-13,36.0
2020-02-14,26.1
2020-02-15,16.0
2020-02-16,24.1
2020-02-17,26.1
2020-02-18,33.1
2020-02-19,33.333333333333336
2020-02-20,12.0
2020-02-21,5.0
2020-02-22,17.1
2020-02-23,23.0
2020-02-24,30.0
2020-02-25,43.0
2020-02-26,41.55
2020-02-27,42.275
2020-02-28,10.9
2020-02-29,15.1
2020-03-01,15.1
2020-03-02,37.9
2020-03-03,46.9
2020-03-04,44.1
2020-03-05,26.1
2020-03-06,32.0
2020-03-07,23.0
2020-03-08,26.1
2020-03-09,30.9
2020-03-10,48.9
2020-03-11,42.1
2020-03-12,35.1
2020-03-13,55.0
2020-03-14,24.1
2020-03-15,26.1
2020-03-16,23.0
2020-03-17,40.45
2020-03-18,30.0
2020-03-19,41.0
2020-03-20,55.9
2020-03-21,37.0
2020-03-22,19.9
2020-03-23,30.9
2020-03-24,34.0
2020-03-25,37.0
2020-03-26,35.1
2020-03-27,39.9
2020-03-28,39.9
2020-03-29,45.0
2020-03-30,37.96666666666667
2020-03-31,34.0
2020-04-01,30.45
2020-04-02,36.0
2020-04-03,44.1
2020-04-04,42.9
2020-04-05,44.1
2020-04-06,41.0
2020-04-07,32.0
2020-04-08,43.0
2020-04-09,46.325
2020-04-10,28.9
2020-04-11,27.0
